<ImportExportXml xmlns:xsi="http://www.w3.org/2001/XMLSchema-instance">
  <Entities></Entities>
  <Roles></Roles>
  <Workflows>
    <Workflow WorkflowId="{6f58523e-d9d7-4a3e-9f0a-79b63efeaf9b}" Name="Publish Contact Update">
      <XamlFileName>/Workflows/PublishContactUpdate-6F58523E-D9D7-4A3E-9F0A-79B63EFEAF9B.xaml</XamlFileName>
      <Type>1</Type>
      <Subprocess>0</Subprocess>
      <Category>0</Category>
      <Mode>0</Mode>
      <Scope>4</Scope>
      <OnDemand>1</OnDemand>
      <TriggerOnUpdateAttributeList>telephone1,lastname,firstname,emailaddress1</TriggerOnUpdateAttributeList>
      <TriggerOnCreate>0</TriggerOnCreate>
      <TriggerOnDelete>0</TriggerOnDelete>
      <AsyncAutodelete>1</AsyncAutodelete>
      <SyncWorkflowLogOnFailure>0</SyncWorkflowLogOnFailure>
      <StateCode>1</StateCode>
      <StatusCode>2</StatusCode>
      <RunAs>1</RunAs>
      <IsTransacted>1</IsTransacted>
      <IntroducedVersion>1.0</IntroducedVersion>
      <IsCustomizable>1</IsCustomizable>
      <PrimaryEntity>Contact</PrimaryEntity>
    </Workflow>
    <Workflow WorkflowId="{ba29e192-2dd9-4a4b-8e49-8e4505df7078}" Name="Publish Contact Create">
      <XamlFileName>/Workflows/PublishContactCreate-BA29E192-2DD9-4A4B-8E49-8E4505DF7078.xaml</XamlFileName>
      <Type>1</Type>
      <Subprocess>0</Subprocess>
      <Category>0</Category>
      <Mode>0</Mode>
      <Scope>4</Scope>
      <OnDemand>1</OnDemand>
      <TriggerOnCreate>1</TriggerOnCreate>
      <TriggerOnDelete>0</TriggerOnDelete>
      <AsyncAutodelete>1</AsyncAutodelete>
      <SyncWorkflowLogOnFailure>0</SyncWorkflowLogOnFailure>
      <StateCode>1</StateCode>
      <StatusCode>2</StatusCode>
      <RunAs>1</RunAs>
      <IsTransacted>1</IsTransacted>
      <IntroducedVersion>1.0</IntroducedVersion>
      <IsCustomizable>1</IsCustomizable>
      <PrimaryEntity>Contact</PrimaryEntity>
    </Workflow>
  </Workflows>
  <FieldSecurityProfiles></FieldSecurityProfiles>
  <Templates />
  <EntityMaps />
  <EntityRelationships />
  <OrganizationSettings />
  <optionsets />
  <SolutionPluginAssemblies>
    <PluginAssembly FullName="Xrm.Oss.Interfacing.WorkflowActivities, Version=1.0.0.0, Culture=neutral, PublicKeyToken=cfb021492fd84ce3" CustomizationLevel="1">
      <IsolationMode>2</IsolationMode>
      <SourceType>0</SourceType>
      <IntroducedVersion>1.0</IntroducedVersion>
      <FileName>/PluginAssemblies/XrmOssInterfacingWorkflowActivities-0787A911-CE85-4312-B559-709F7F26C1D4/XrmOssInterfacingWorkflowActivities.dll</FileName>
      <PluginTypes>
        <PluginType AssemblyQualifiedName="Xrm.Oss.WorkflowActivities.NotifyCrmListenerActivity, Xrm.Oss.Interfacing.WorkflowActivities, Version=1.0.0.0, Culture=neutral, PublicKeyToken=cfb021492fd84ce3" Name="NotifyCrmListenerActivity">
          <FriendlyName>d622f352-5cec-49ab-a9ee-2c48ed395ad6</FriendlyName>
          <WorkflowActivityGroupName>Xrm.Oss.Interfacing.WorkflowActivities (1.0.0.0)</WorkflowActivityGroupName>
        </PluginType>
      </PluginTypes>
    </PluginAssembly>
  </SolutionPluginAssemblies>
  <Languages>
    <Language>1033</Language>
  </Languages>
</ImportExportXml>